-- phpMyAdmin SQL Dump
-- version 3.4.10.1deb1
-- http://www.phpmyadmin.net
--
-- Servidor: localhost
-- Temps de generació: 21-03-2014 a les 13:04:45
-- Versió del servidor: 5.5.35
-- Versió de PHP : 5.3.10-1ubuntu3.10

SET SQL_MODE="NO_AUTO_VALUE_ON_ZERO";
SET time_zone = "+00:00";


/*!40101 SET @OLD_CHARACTER_SET_CLIENT=@@CHARACTER_SET_CLIENT */;
/*!40101 SET @OLD_CHARACTER_SET_RESULTS=@@CHARACTER_SET_RESULTS */;
/*!40101 SET @OLD_COLLATION_CONNECTION=@@COLLATION_CONNECTION */;
/*!40101 SET NAMES utf8 */;

--
-- Base de dades: `cromos`
--

-- --------------------------------------------------------

--
-- Estructura de la taula `album-imatge`
--

CREATE TABLE IF NOT EXISTS `album-imatge` (
  `id` int(11) NOT NULL AUTO_INCREMENT,
  `album_id` int(11) NOT NULL,
  `imatge_id` int(11) NOT NULL,
  PRIMARY KEY (`id`)
) ENGINE=MyISAM DEFAULT CHARSET=utf16 COLLATE=utf16_unicode_ci AUTO_INCREMENT=1 ;

-- --------------------------------------------------------

--
-- Estructura de la taula `album-pregunta`
--

CREATE TABLE IF NOT EXISTS `album-pregunta` (
  `id` int(11) NOT NULL AUTO_INCREMENT,
  `album_id` int(11) NOT NULL,
  `pregunta_id` int(11) NOT NULL,
  PRIMARY KEY (`id`)
) ENGINE=MyISAM DEFAULT CHARSET=utf16 COLLATE=utf16_unicode_ci AUTO_INCREMENT=1 ;

-- --------------------------------------------------------

--
-- Estructura de la taula `album-tema`
--

CREATE TABLE IF NOT EXISTS `album-tema` (
  `id` int(11) NOT NULL AUTO_INCREMENT,
  `album_id` int(11) NOT NULL,
  `tema_id` int(11) NOT NULL,
  PRIMARY KEY (`id`)
) ENGINE=MyISAM DEFAULT CHARSET=utf16 COLLATE=utf16_unicode_ci AUTO_INCREMENT=1 ;

-- --------------------------------------------------------

--
-- Estructura de la taula `albums`
--

CREATE TABLE IF NOT EXISTS `albums` (
  `id` int(11) NOT NULL AUTO_INCREMENT,
  `nom` varchar(11) COLLATE utf16_unicode_ci NOT NULL,
  `descripcio` varchar(11) COLLATE utf16_unicode_ci NOT NULL,
  `portada` int(11) NOT NULL,
  `aprovat` int(11) NOT NULL,
  PRIMARY KEY (`id`)
) ENGINE=MyISAM  DEFAULT CHARSET=utf16 COLLATE=utf16_unicode_ci AUTO_INCREMENT=6 ;

--
-- Bolcant dades de la taula `albums`
--

INSERT INTO `albums` (`id`, `nom`, `descripcio`, `portada`, `aprovat`) VALUES
(1, 'Sistema Sol', 'Fotos SOL', 1, 1),
(2, '2', '2', 2, 2);

-- --------------------------------------------------------

--
-- Estructura de la taula `album_cromo_pagina`
--

CREATE TABLE IF NOT EXISTS `album_cromo_pagina` (
  `id` int(11) NOT NULL AUTO_INCREMENT,
  `album_id` int(11) NOT NULL,
  `cromo_id` int(11) NOT NULL,
  `pagina_id` int(11) NOT NULL,
  PRIMARY KEY (`id`)
) ENGINE=MyISAM  DEFAULT CHARSET=utf16 COLLATE=utf16_unicode_ci AUTO_INCREMENT=9 ;

--
-- Bolcant dades de la taula `album_cromo_pagina`
--

INSERT INTO `album_cromo_pagina` (`id`, `album_id`, `cromo_id`, `pagina_id`) VALUES
(1, 1, 1, 1),
(2, 1, 2, 1),
(3, 1, 3, 2),
(4, 2, 6, 3),
(5, 1, 5, 8),
(6, 1, 6, 6),
(7, 1, 7, 6),
(8, 1, 8, 7);

-- --------------------------------------------------------

--
-- Estructura de la taula `categoria-subcategoria`
--

CREATE TABLE IF NOT EXISTS `categoria-subcategoria` (
  `id` int(11) NOT NULL AUTO_INCREMENT,
  `categoria_id` int(11) NOT NULL,
  `subcategoria_id` int(11) NOT NULL,
  PRIMARY KEY (`id`)
) ENGINE=MyISAM DEFAULT CHARSET=utf16 COLLATE=utf16_unicode_ci AUTO_INCREMENT=1 ;

-- --------------------------------------------------------

--
-- Estructura de la taula `categoria-tema`
--

CREATE TABLE IF NOT EXISTS `categoria-tema` (
  `id` int(11) NOT NULL AUTO_INCREMENT,
  `categoria_id` int(11) NOT NULL,
  `tema_id` int(11) NOT NULL,
  PRIMARY KEY (`id`)
) ENGINE=MyISAM DEFAULT CHARSET=utf16 COLLATE=utf16_unicode_ci AUTO_INCREMENT=1 ;

-- --------------------------------------------------------

--
-- Estructura de la taula `categories`
--

CREATE TABLE IF NOT EXISTS `categories` (
  `id` int(11) NOT NULL AUTO_INCREMENT,
  `descripcio` varchar(250) COLLATE utf16_unicode_ci NOT NULL,
  PRIMARY KEY (`id`)
) ENGINE=MyISAM DEFAULT CHARSET=utf16 COLLATE=utf16_unicode_ci AUTO_INCREMENT=1 ;

-- --------------------------------------------------------

--
-- Estructura de la taula `clan`
--

CREATE TABLE IF NOT EXISTS `clan` (
  `id` int(11) NOT NULL AUTO_INCREMENT,
  `nom` varchar(250) COLLATE utf16_unicode_ci NOT NULL,
  `descripcio` int(250) NOT NULL,
  PRIMARY KEY (`id`)
) ENGINE=MyISAM DEFAULT CHARSET=utf16 COLLATE=utf16_unicode_ci AUTO_INCREMENT=1 ;

-- --------------------------------------------------------

--
-- Estructura de la taula `coleccio`
--

CREATE TABLE IF NOT EXISTS `coleccio` (
  `id` int(11) NOT NULL AUTO_INCREMENT,
  `album_id` int(11) NOT NULL,
  `cromo_id` int(11) NOT NULL,
  `usuari_id` int(11) NOT NULL,
  `vegades` int(11) NOT NULL,
  PRIMARY KEY (`id`)
) ENGINE=MyISAM  DEFAULT CHARSET=utf16 COLLATE=utf16_unicode_ci AUTO_INCREMENT=8 ;

--
-- Bolcant dades de la taula `coleccio`
--

INSERT INTO `coleccio` (`id`, `album_id`, `cromo_id`, `usuari_id`, `vegades`) VALUES
(1, 1, 1, 1, 1),
(2, 1, 2, 1, 3),
(3, 1, 4, 1, 1),
(4, 2, 3, 1, 1),
(5, 1, 5, 1, 6),
(6, 1, 6, 1, 1),
(7, 1, 7, 1, 2);

-- --------------------------------------------------------

--
-- Estructura de la taula `cromos`
--

CREATE TABLE IF NOT EXISTS `cromos` (
  `id` int(11) NOT NULL AUTO_INCREMENT,
  `descripcio` varchar(250) COLLATE utf16_unicode_ci NOT NULL,
  `aprovat` tinyint(1) NOT NULL,
  `numeracio` int(11) NOT NULL,
  PRIMARY KEY (`id`)
) ENGINE=MyISAM  DEFAULT CHARSET=utf16 COLLATE=utf16_unicode_ci AUTO_INCREMENT=9 ;

--
-- Bolcant dades de la taula `cromos`
--

INSERT INTO `cromos` (`id`, `descripcio`, `aprovat`, `numeracio`) VALUES
(1, 'Sistema Solar', 1, 192),
(2, 'Planeta 1', 2, 1),
(3, 'Planeta 2', 1, 2),
(4, 'Planeta 3', 1, 3),
(5, 'Estrella', 1, 50),
(6, 'Nabuloses', 1, 6),
(7, 'Jupiter', 1, 7),
(8, 'fullet', 1, 8);

-- --------------------------------------------------------

--
-- Estructura de la taula `fitxers_textos`
--

CREATE TABLE IF NOT EXISTS `fitxers_textos` (
  `id` int(11) NOT NULL AUTO_INCREMENT,
  `nom` varchar(250) COLLATE utf16_unicode_ci NOT NULL,
  PRIMARY KEY (`id`)
) ENGINE=MyISAM DEFAULT CHARSET=utf16 COLLATE=utf16_unicode_ci AUTO_INCREMENT=1 ;

-- --------------------------------------------------------

--
-- Estructura de la taula `idioma-usuari`
--

CREATE TABLE IF NOT EXISTS `idioma-usuari` (
  `id` int(11) NOT NULL AUTO_INCREMENT,
  `usuari_id` int(11) NOT NULL,
  `idioma_id` int(11) NOT NULL,
  PRIMARY KEY (`id`),
  KEY `usuari_id` (`usuari_id`)
) ENGINE=MyISAM  DEFAULT CHARSET=utf16 COLLATE=utf16_unicode_ci AUTO_INCREMENT=2 ;

-- --------------------------------------------------------

--
-- Estructura de la taula `idiomes`
--

CREATE TABLE IF NOT EXISTS `idiomes` (
  `id` int(11) NOT NULL AUTO_INCREMENT,
  `nom` varchar(250) COLLATE utf16_unicode_ci NOT NULL,
  PRIMARY KEY (`id`)
) ENGINE=MyISAM DEFAULT CHARSET=utf16 COLLATE=utf16_unicode_ci AUTO_INCREMENT=1 ;

-- --------------------------------------------------------

--
-- Estructura de la taula `imatges`
--

CREATE TABLE IF NOT EXISTS `imatges` (
  `id` int(10) unsigned NOT NULL AUTO_INCREMENT,
  `descripcio` varchar(250) COLLATE utf16_unicode_ci NOT NULL,
  PRIMARY KEY (`id`)
) ENGINE=MyISAM DEFAULT CHARSET=utf16 COLLATE=utf16_unicode_ci AUTO_INCREMENT=1 ;

-- --------------------------------------------------------

--
-- Estructura de la taula `lider_clan`
--

CREATE TABLE IF NOT EXISTS `lider_clan` (
  `id` int(11) NOT NULL AUTO_INCREMENT,
  `clan_id` int(11) NOT NULL,
  `usuari_id` int(11) NOT NULL,
  PRIMARY KEY (`id`)
) ENGINE=MyISAM DEFAULT CHARSET=utf16 COLLATE=utf16_unicode_ci AUTO_INCREMENT=1 ;

-- --------------------------------------------------------

--
-- Estructura de la taula `pagina-tipus_pagina`
--

CREATE TABLE IF NOT EXISTS `pagina-tipus_pagina` (
  `id` int(11) NOT NULL AUTO_INCREMENT,
  `pagina_id` int(11) NOT NULL,
  `tipus_pagina_id` int(11) NOT NULL,
  PRIMARY KEY (`id`)
) ENGINE=MyISAM DEFAULT CHARSET=utf16 COLLATE=utf16_unicode_ci AUTO_INCREMENT=1 ;

-- --------------------------------------------------------

--
-- Estructura de la taula `pagines`
--

CREATE TABLE IF NOT EXISTS `pagines` (
  `id` int(11) NOT NULL AUTO_INCREMENT,
  `numeracio` int(11) NOT NULL,
  PRIMARY KEY (`id`)
) ENGINE=MyISAM DEFAULT CHARSET=utf16 COLLATE=utf16_unicode_ci AUTO_INCREMENT=1 ;

-- --------------------------------------------------------

--
-- Estructura de la taula `pertany_clan`
--

CREATE TABLE IF NOT EXISTS `pertany_clan` (
  `id` int(11) NOT NULL AUTO_INCREMENT,
  `clan_id` int(11) NOT NULL,
  `usuari_id` int(11) NOT NULL,
  PRIMARY KEY (`id`)
) ENGINE=MyISAM DEFAULT CHARSET=utf16 COLLATE=utf16_unicode_ci AUTO_INCREMENT=1 ;

-- --------------------------------------------------------

--
-- Estructura de la taula `portada`
--

CREATE TABLE IF NOT EXISTS `portada` (
  `id` int(11) NOT NULL AUTO_INCREMENT,
  `descripcio` mediumtext COLLATE utf16_unicode_ci NOT NULL,
  PRIMARY KEY (`id`)
) ENGINE=MyISAM DEFAULT CHARSET=utf16 COLLATE=utf16_unicode_ci AUTO_INCREMENT=1 ;

-- --------------------------------------------------------

--
-- Estructura de la taula `preguntes`
--

CREATE TABLE IF NOT EXISTS `preguntes` (
  `preguntes` int(11) NOT NULL AUTO_INCREMENT,
  `tipus` int(11) NOT NULL,
  PRIMARY KEY (`preguntes`)
) ENGINE=MyISAM DEFAULT CHARSET=utf16 COLLATE=utf16_unicode_ci AUTO_INCREMENT=1 ;

-- --------------------------------------------------------

--
-- Estructura de la taula `preguntes_de_relacionar`
--

CREATE TABLE IF NOT EXISTS `preguntes_de_relacionar` (
  `id` int(11) NOT NULL AUTO_INCREMENT,
  `pregunta_id` int(11) NOT NULL,
  `descripcio` mediumtext COLLATE utf16_unicode_ci NOT NULL,
  `pregunta_1` mediumtext COLLATE utf16_unicode_ci NOT NULL,
  `resposta_1` mediumtext COLLATE utf16_unicode_ci NOT NULL,
  `pregunta_2` mediumtext COLLATE utf16_unicode_ci NOT NULL,
  `resposta_2` mediumtext COLLATE utf16_unicode_ci NOT NULL,
  `pregunta_3` mediumtext COLLATE utf16_unicode_ci NOT NULL,
  `resposta_3` mediumtext COLLATE utf16_unicode_ci NOT NULL,
  `pregunta_4` mediumtext COLLATE utf16_unicode_ci NOT NULL,
  `resposta_4` mediumtext COLLATE utf16_unicode_ci NOT NULL,
  PRIMARY KEY (`id`)
) ENGINE=MyISAM DEFAULT CHARSET=utf16 COLLATE=utf16_unicode_ci AUTO_INCREMENT=1 ;

-- --------------------------------------------------------

--
-- Estructura de la taula `preguntes_si_no`
--

CREATE TABLE IF NOT EXISTS `preguntes_si_no` (
  `id` int(11) NOT NULL AUTO_INCREMENT,
  `pregunta_id` int(11) NOT NULL,
  `descripcio` mediumtext COLLATE utf16_unicode_ci NOT NULL,
  `resposta` tinyint(1) NOT NULL,
  PRIMARY KEY (`id`)
) ENGINE=MyISAM DEFAULT CHARSET=utf16 COLLATE=utf16_unicode_ci AUTO_INCREMENT=1 ;

-- --------------------------------------------------------

--
-- Estructura de la taula `respostes`
--

CREATE TABLE IF NOT EXISTS `respostes` (
  `id` int(11) NOT NULL AUTO_INCREMENT,
  `pregunta_id` int(11) NOT NULL,
  `album_id` int(11) NOT NULL,
  `usuari_id` int(11) NOT NULL,
  `vegades` int(11) NOT NULL,
  PRIMARY KEY (`id`)
) ENGINE=MyISAM DEFAULT CHARSET=utf16 COLLATE=utf16_unicode_ci AUTO_INCREMENT=1 ;

-- --------------------------------------------------------

--
-- Estructura de la taula `subcategories`
--

CREATE TABLE IF NOT EXISTS `subcategories` (
  `id` int(11) NOT NULL AUTO_INCREMENT,
  `descripcio` varchar(250) COLLATE utf16_unicode_ci NOT NULL,
  PRIMARY KEY (`id`)
) ENGINE=MyISAM DEFAULT CHARSET=utf16 COLLATE=utf16_unicode_ci AUTO_INCREMENT=1 ;

-- --------------------------------------------------------

--
-- Estructura de la taula `temes`
--

CREATE TABLE IF NOT EXISTS `temes` (
  `id` int(11) NOT NULL AUTO_INCREMENT,
  `descripcio` int(11) NOT NULL,
  PRIMARY KEY (`id`)
) ENGINE=MyISAM DEFAULT CHARSET=utf16 COLLATE=utf16_unicode_ci AUTO_INCREMENT=1 ;

-- --------------------------------------------------------

--
-- Estructura de la taula `tipus_pagines`
--

CREATE TABLE IF NOT EXISTS `tipus_pagines` (
  `id` int(11) NOT NULL AUTO_INCREMENT,
  `descripcio` varchar(250) COLLATE utf16_unicode_ci NOT NULL,
  `tipus` int(11) NOT NULL,
  PRIMARY KEY (`id`)
) ENGINE=MyISAM DEFAULT CHARSET=utf16 COLLATE=utf16_unicode_ci AUTO_INCREMENT=1 ;

-- --------------------------------------------------------

--
-- Estructura de la taula `usuaris`
--

CREATE TABLE IF NOT EXISTS `usuaris` (
  `id` int(11) NOT NULL AUTO_INCREMENT,
  `login` varchar(50) COLLATE utf16_unicode_ci NOT NULL,
  `email` int(250) NOT NULL,
  `password` int(250) NOT NULL,
  PRIMARY KEY (`id`)
) ENGINE=MyISAM  DEFAULT CHARSET=utf16 COLLATE=utf16_unicode_ci AUTO_INCREMENT=2 ;

--
-- Bolcant dades de la taula `usuaris`
--

INSERT INTO `usuaris` (`id`, `login`, `email`, `password`) VALUES
(1, 'Manolo', 123456, 123456);

/*!40101 SET CHARACTER_SET_CLIENT=@OLD_CHARACTER_SET_CLIENT */;
/*!40101 SET CHARACTER_SET_RESULTS=@OLD_CHARACTER_SET_RESULTS */;
/*!40101 SET COLLATION_CONNECTION=@OLD_COLLATION_CONNECTION */;
